Source_id,Sentence_en
1,helps and importants in the Eclipse program.
2,"""For I speak unto righteousness, that we should be called by the spirit of faith, as of god, because it is believe."""
3,"Then, you see it for the drover. I will click on Cancel."
4,"Also, iterterator is set to set the indicator for each execution. 1,1, as 1,2..."
5,"""And in the second area, that he hath had should come on the body of the light, and shall see it."""
6,We have already store the objects in the fields.
7,Boy has trust in you all.
8,Exhale you exhaling the nature of naturam.
9,"""But when ye have seen some of them that you should not be known, because yet thou hast loved us in yea."""
10,"""a part of your water, and of the earth, whose shall become one, and one brother, which is come to comfort."""
11,Those are two books.
12,Paternal grandfather came from the library.
13,"Come back to the next assignment, and click on the tab at 0.9."
14,Align and distribute dialog box appears interface.
15,Click on the land menu to set the bracket.
16,We have two seen for Borrowed Boooks.
17,"""the seven times are called by the Sangara of Yoga, the first set of yogic times."""
18,Those two are laters.
19,"Apache, MySQL and PHP,"
20,"Here, we can also learn the header for our document."
21,The arms are formed by the anger.
22,1. the sequence of the body is used?
23,We can also add a shortcut in the launcher.
24,You can should be like this towards and can do not see the column.
25,There are many things which are used to make a little through the objects that are available in different examples.
26,You can also see any kinds of animals and others.
27,Let us summarize all the views.
28,Boy displays kindness in you.
29,"""Now I know all Asian, and I knew that Fugello is great also."""
30,"In this detail, I have the header - Indian Journal of Microbiology."
31,"Publisher, Collection title,"
32,"""And the two feets together, and keep their legs only."""
33,I select Brush both brush and the Gradient appears and I will choose my required values.
34,Then we will enter the field to the successUser page.
35,plants and other cows product.
36,"""For now ye are ourselves, nor a disciples, not with the Holy Ghost."""
37,"""After organisms are similar to be called in a group of seeds, which are litttle attainment."""
38,"""But the Jews and therefore are not disciples, but unto all things that which is the Lord, and to every man another."""
39,"""To remove the fruits of these disciples, return the features in your carefully."""
40,Close Basket (Order)
41,Arda Papany - Ideli.
42,"""And he said unto him, Bharataka, was demonstrated through the beginning of the spirit, and rama at the flesh."""
43,This will come to the end of this tutorial.
44,These methods and constructors are details.
45,Pandavas can be known.
46,"In this file, we will learn fp = fopen(""Sample.txt""), ""r"";"
47,"For details, type: contact@spoken-tutorial.org"
48,"Now, click on the password for Moodle Administrator. Let us see the patterning pasword."
49,I will remove the FrontAccount folder as account.
50,these things were preached as a discussion of Israel.
51,Welcome to Meet the GIMP.
52,It is done to declare that we use a variable.
53,We will see the number of jdks.
54,We see that the Course Category is Mathematics.
55,"Now, let us see how to create a simple Java web project program using NetBeans IDE."
56,He have two boness of Acharydrana.
57,We all may speak.
58,But I already have filled only for Full Name and the other details click on another enter now.
59,"In relaxation possible, let you should look at any position."
60,"""And when they were astonished, they came towards into his own clothes."""
61,"In the Proptive, type: InkSCAPE."
62,Click on Enterter.
63,"Let us now work on the form of ""for"" loop."
64,let us see again in the further. Let's return.
65,close that your planets are formed by cleaning their other spaces.
66,different collections are cleand with above.
67,"If you do not have good bandwidth, please see it."
68,"""After using strong through the sequence, adding a second synine."""
69,"""The left side of the left hand should be different with the rrody and discuss the night leg marand."""
70,change the name of the layer as CD template.
71,There are many resurrective diseases.
72,The enemy is reversing.
73,Right-click the node in the Services window.
74,here is an error.
75,we can see here.
76,"""And in this day they would have his mother name, that they should be called in the name of the body."""
77,"So, then goes to the displayMessage."
78,We can now add it to the end of this document.
79,work is done.
80,what is it need to singing?
81,"""But when they clean should not be clear, you cleave some of the colours to clease."""
82,"""Bend the fingers on the ground, bring in, and return the buttocks by reaching your elbows at the body."""
83,Let us now click on RemoveFrom checkckout method.
84,Boy has friends on all.
85,"""But the Lord shall not be faithful, save unto him, that they should not believe."""
86,It should be a list of your hands used for sewing and singinging.
87,4. The lefts are similar to the green colour and the left legs make food.
88,Let me click on it to create the patterne.
89,we have created a rectangle assignment.
90,Hanumanta: One who is known in lakha.
91,"In this tutorial, we will learn about: subclassing and method overriding"
92,"""And it came to pass, that, when he had given all the seven things which are litttle at Damascus."""
93,"""In this tutorial, we have learnt how to develop the various types of functions and social sciences, you can also be served to healthy people ments for prepare."""
94,"Now, let us learn about using Synaptic Package Manager."
95,"""These are one kokoshi, which happens you."""
96,Click on View this jurnal Entry link.
97,who are mothers?
98,She is hearing.
99,"This is because it is added to ""regular expresion, a or b""."
100,They have entered outwards that you make food to see the cooking pages and water is important for our works.
101,"""And no man knoweth that the people shall not be able to kill the priest, but unto them which the Lord was crucified."""
102,We will also use food to see the cooking should be defined.
103,"""And he said unto them, Behold, that he should direction from among themselves."""
104,"""And he answered and said unto him, Following my body heard me with his head."""
105,Switch back to the logo.
106,"""As answered and said unto them that should be confidenced according to the assignment of Asanas, Gotasana also merrasana."""
107,These are asanas.
108,Krishna is also known all.
109,The people respects the fruit.
110,who is a warrior?
111,Click on the arrange at the right side.
112,Let us see indidia.
113,"""And it came to pass, that, behold, jesus had spake his disciples therefore:"""
114,It has differences in the house.
115,Let us now add Service tax. We have learnt how to create a GL Account for Serviews tax.
116,We also learnt about bookmarks in an earlier.
117,"Now, type dot slash if1 to execut. Press Enter."
118,We will learn about the input/output function and tym stamp.
119,"Next, let us switch as Integer from id to id."
120,"""But when he had seen the word of the scripture, the things which hath should be preached unto the prophets, and to them that she spake."""
121,"But to redirect, you have 2 right angle bracket, 2 double angle reference braket."
122,"Now, we can see the names of the id in the user."
123,Duharatatha without through the triangle.
124,We can see that more than 500 years after day every day.
125,"In this classe, we have variables for details that we want to enter the following statements,"
126,You are songers.
127,what is maricha?
128,save the last of the law and run. Let us see the values which is 0.
129,"In the Base field 'a', type: 662."
130,"Now, let us see that then common errors are now."
131,It improves the blood in the entire body.
132,What you have checked an indicating sequence in array?
133,Continue another squares and create a circle of colour.
134,Error dialog box and Shortcut keys.
135,Let me come back to here. I am removing this and now I want to add a figure.
136,It is also that named D.D.T. you will show it.
137,"Here, we see that write performs writte all."
138,Let us learn about Agreement.
139,This is because that we have getting the output of LaTeX and the TeXworks are a configured before MikTeX.
140,You can see that block diagrams are not equal to mathemical expression.
141,we both will speak.
142,"Internet, you have filled."
143,And the program is opened.
144,Slowly use the legs to slow down as far as you can do.
145,These small are only students of your drawing.
146,krishna places the chariot.
147,I have a spoken Tutorial on Creating equations.
148,The Spoken Tutorial project is a part of the Talk to a Teacher projing.
149,Koha selects the Spoken Tutorial Library only.
150,"""And the gospel of the arms which had perfect to every one of them, and loosed his mouth."""
151,Go to browser. Open your Moodle site.
152,You can select your jurnel here.
153,and the keys are used to use another selection.
154,It summarizes more details about this mission.
155,"However, because Internet Explorer is not displayed."
156,"In the prompt, type: date space plus parcentage symbol and press Enter."
157,Let us learn about the name of the interface.
158,We can also learnt about the abdominal absorbed between the lungs and the organisms.
159,Let us switch backwards.
160,"""You can see the glory of your own glorifience; i will remember through thy life things."""
161,"""By some pressure your common texts, passed tutorials, restants, elements, Kaisters, Crescriptors, principtic sequencies, feellows, discusses, piplines etc."""
162,"""And in that time man shall be dead of death, and shaken not for the life, but for the way of little peace, and for their hearts which was like unto us."""
163,i think.
164,ENVIRON - sheel environment variables and arrayes are called area.
165,We see that the part is between and then one is up.
166,Apt-get the command line is a GUI.
167,Keep the knees till 10 inches above the arms and keep on the ground.
168,Let us see what is Awkdemo.txt file.
169,"""And they said unto him, We have heard of men that they might be fulfilled; and the first shall shew it."""
170,It also helps in regulating the result of nature.
171,So I can pull black point as it is.
172,"In the HIV 'Jenmic' sequence, in 4587 around 567 pg3 ""HIV1g3""."
173,"""And Jesus said unto him, Elias;"""
174,"""If any man doeth unto him, he that should not be blamed:"""
175,"Now, let us see how we can be able to do the program."
176,Now click on OK and close the dialog box.
177,The Spoken Tutorial Project
178,I will select Step Over in the constructor and the value which is set as 10.
179,let us read.
180,Today when you should look in the house.
181,Welcome to the Spoken Tutorial on the grep command.
182,"Next, we will see the Course Summary files as 2 fields in Description."
183,Those are people.
184,include graphics uses that the color packages are required to LaTeX.
185,Function is used to print a lan in C++.
186,"3. when I cooked food in a single village, they make an angle organisms."
187,Write your productions used in water culture.
188,"So, let me select a language and regular error."
189,"""There is a should look at the end of the scripture, like gratha, the raisation of the earth, the function of the currential counts."""
190,"So when doing this practice, you should have to see it to 30 to 35 breath."
191,"Spoken Tutorial is a part of the Talk to a Teacher project. It is important to ICT, MHRD, Government of India."
192,The Spoken Tutorial Project Team conducts workshops using this tutorial.
193,"""And they answered and said unto him, First thou camest up their spirits: but he that committeth himself, and hath given him a great pleasure."""
194,The following worshipped himself.
195,Slowly bring the right left leg as far as you close.
196,teacher receives the childs.
197,write various different types of breathing.
198,"""And the priests brought him, and set them into a certain pass,"""
199,"So, I create a new layer and I can select white in the Layer Fill Type and you can choose the value of opacity to see it."
200,Sprayah: One who is in his hands.
201,It is important to experience with an example of India.
202,"Now, add the using statement."
203,it's important.
204,let us summarize this game.
205,"""Let us see that when ye hear, because he received against the brethren: but he was not, he saith unto it."""
206,Let us summarize. We have no values for variables.
207,"Now, let us move this work on the ctrl and z click at the bottom of this key."
208,Click on the Selector tool.
209,Let me give you backgrounds.
210,"""And as you breath, yese brethren out, and as follows, the air gets energy."""
211,Let us invoke a data method to print the details of name.
212,Click on the View menu and select the Properties option.
213,The text is recorded using Maxim result to use the tool.
214,Total space or Actual cost 0.00 is given only.
215,use guidelines and set these steps
216,Provision field is used by one sals Person.
217,"""And the disciples said unto him, Wherefore we shall see it, that they might believe on him?"""
218,Boy has friendship on that.
219,The display shown is a a application for Vides.
220,"""For this is written in himself, when I am not my, because I say unto you, They shall see this by men."""
221,"In the Ubuntu structure, you can enter KTouch."
222,Child has fondness in these all.
223,I will select 15 day(s) for Grace pariod.
224,"""I know the woman, and the worshipped him: but now the Jews of his judgment, nor of the jew I will kill myself."""
225,Sri Krishna is important for the singing.
226,This is a small important practice which helps in one speed.
227,"For the following statements, please what happens of colour?"
228,"""Behold, when he hath person with the heart of his heaven, he is given to any man affection in the entire."""
229,"In the prompt, type date space plus parcentage symbol which type t and press Enter."
230,"""Raja stood a few branches and said, 'Mry' which was the end of my working brahmans,'"
231,they were all mountain.
232,You know what you do?
233,The next seen setting is Hidden sections. This will support the students in the course.
234,Those are two songs.
235,Here is the first similar General Ledger Account Classes.
236,"""And ye return from the beginning, because you should not be able to see yet with his blood."""
237,But it is not possible with a popperarka.
238,"""And when you would have entered into the presence of the Lord's surrection, he loosed my rejoice unto the ground, and had our servant works, that he should not be given to them."""
239,"""It is performing to be relaxed with self, drive and peace."""
240,More increase the important improves the postures of development and immunity.
241,"""It should not be a little or modulna, it can relax the body and the head."""
242,Product of 5 and 2 is 10.
243,Son- what had benefits in these things?
244,"In this tutorial, we will learn about: Maths.pdf_t opens."
245,Feel the result of all parts of the body.
246,"""In Israel, the Lord is one, Our Lord,"""
247,"""In Vedic Shrigavad, Juda, Jeurveda, Mather Santi material memans ""Momeshaktam, Myshara good."""
248,"Now, click on the bottom of the folder to show it."
249,Notice that the two show sequences and twel scial hands or anARKandles.
250,"""The buffet when the food is required in the result, it is called buphet."""
251,"""And when I was in this lesson written, Anius and christ, according to the church, a disciple of the people, against the brought of the certain, and of the earth."""
252,These two are twice.
253,"However, it will not be executed in the web to save."
254,"""And Paul answered and said unto him, Take that it hath been said, Treat is come to you, because he is nothing for us."""
255,I have to see that you should look at ever.
256,Google Candar...
257,"""And he said unto them, Behold, lest the people things which are also off."""
258,Then click on Koha Administration.
259,There are so many spirits.
260,"""for ye were written unto you, that all things shall be done, and not myself."""
261,A new page opens.
262,"And it is also important to use the terminal text editor, synaptic a manager."
263,"For example, element is called by the two dimensional array."
264,Those two are in sanskrit.
265,Observe the image as.cml file.
266,Type 4.
267,These pesticides have joint with a small stitch together into a short place.
268,This increase concentration in you and calm the mind called mind.
269,"""Explain the practice of bhramari, use 'na-kára' or 'Marra'."""
270,"""And they followed the kingdoms, and said unto righteousness, that they may remembered their members:"""
271,"""And when he went into the disciples, he said unto them, What thou shalt speak this pass?"""
272,add a number of names which is 2.
273,We will open a terminal.
274,"Now, let us type the slash symbol by moving the particular asterisk."
275,"""There is a difference between in India and India, in the knowledge of instructions, joints, disciples, natures, peaces, means and meanings are manifes."""
276,"Now, let us see that we can be correct."
277,Do not click on the file now-loaded.
278,"""And the people came unto Antioch, and to Iconium, and a city: and there was a certain worshipped Paul, and brought him out of the city, and departed from him."""
279,It should look at the following slot.
280,"In this tutorial, we have to create a simple web application:"
281,But I can change the colour to move that which is 'X' shortcut key. I will do this here.
282,but non statement block close is not possible to parameters.
283,This starts from the main method.
284,Let me view the Firefox web browser and acteral progress.
285,Let us see the practice of the code.
286,"""1. The sequence below water, air (xyen), when you should get entered and energy."""
287,"""And the servants of the houses came together, saying, What thou shalt go think the brethren things in the first? and when I shall say unto thee?"""
288,explain both Sthiti
289,"""And it came to pass, as he went into the law of John, jesus preached the kingdom of God, and present his god,"""
290,Let us look at the following code. Save do and run.
291,"Give to applications in the menu items, Programing and Netbeans IDEEcon and"
292,"""And when he had given these things, heard them that believe them, saying, What thou shalt not suffer see them also, and shall receive them."""
293,And I will show you the code.
294,Rama is in the form of you.
295,"""And he said unto them, Therefore shall be received by the name of one man, as they were astonished:"""
296,Then we will enter an interted by result set.
297,The output shows the number of the alians in the dna2 sequence.
298,"Gim, Windows and Macintosh program used to use multiple windows."
299,We also see that food has one of these words. We have learnt about the our body.
300,Let us switch back to the box assignment.
301,"""And when the son cast out, the soldiers give a servant to him, that he should be seen."""
302,There are available at the bottom of the palms towards.
303,"Now, let us see the stroke or outline to be used as Strokent tab."
304,"""And the truth, when he was come to rama, he hath performed with his hearts:"""
305,Scroll down and click on Save and display button on the page.
306,"Right-click on Open. For this, select Events Action, Action and Action Performed."
307,"""And when Jesus was come with him, the disciples came to pass:"""
308,You all may geeta.
309,"""Wherefore I say unto you, that the world shall be called against the prophets, and the promise of the process."""
310,"""wherefore, ye have suffered, how is it? that he should go thyself things, neither shall be in the hands of God."""
311,and close the document.
312,"""Therefore, you should be a star, what is the star in the earth?"""
313,Then we click on incrementAvailableCopies.
314,"Now, go to 310 CURENT PUBLICAT FRULICON FREENCCY."
315,There are there in the daga.
316,During the deeply deads and you also will be done with their hearts.
317,Let us start to see the two fingers between.
318,"""And they shall be rejoice unto righteousness, that they may be glorified."""
319,"""while keep the palms apart from the thighs, upwards"""
320,Snake receives in the grounds.
321,"""For my Pranaya's experience, there is morning form of meditation."""
322,Those two are laters.
323,The bottom of the abdominal breathing process is called Yogic brethren.
324,We can see that in our different objects can look at our correctly.
325,"Now, let us see the weelcome page."
326,I will go through to read the sanskrit.
327,Right-click the Exit menu item.
328,Less than e.g. a/b
329,Let us learn about other options for align and distribute dialog-box.
330,The output is assignment for you.
331,"The condition should be true, executing the end statement again and returning the loop."
332,"Now, you will select the two objects."
333,It is important to use nutrients of food.
334,Click on the final keyword as variable that we have changed the variable finelal name.
335,"Now I have all the brush in my bruckets. So, I am drawing the folder here and come to GIMP."
336,This command will enter the number of empty lines with our own lines. You can see a bright line and x is printed.
337,explain all these things.
338,"Now, let us define the showDetails method. So, type: poblic id shewDeems()."
339,Click on the add stop to add another character.
340,"""But when David hath rejoiced, I know that they might have heard him on the left."""
341,"""But one of the seven priests, is the mornor of the faith."""
342,We know that the variables and the methods are getting in the member of the class.
343,it is also known that should be saved.
344,"For example, we will learn about the center environment."
345,sky (energy)
346,Boys story.
347,"""And when he had preached jesus into the kingdom of Galilee, he was accused Jesus."""
348,"""And when they were into the priests, they shall preach the gospel of God, and presence unto you the kingdom of god."""
349,"I will type Patel, Arvind H."
350,The performs are should be danced in prepared and drying to stomach the animals.
351,I will leave the Shipping cost blank.
352,We will delete the processs reequest.
353,This will open the quiz for a few day.
354,"now, we will use the greater demons operator."
355,You are many.
356,"Lastly, on the Save changes button and click on Don button."
357,Click on the Units drop-down list and set it as our requirement.
358,"""For when the people cometh, they shall see that they are in the blanks."""
359,"""And when he had seen the place, as he was, he came out."""
360,The army bows are the soldiers.
361,The view is useful for improvement.
362,There are so many types of life organisms.
363,Click on the drop-down list of blocked mode and it has 50 options.
364,Do not select any other options.
365,"""And the two can be difficult for the dead, which will be reduced by water into a death, if the field of the current country is need to be purposed by the plants, they benefither."""
366,"if you do think through the body, what ye shall be liked?"
367,Enter return 0; and keep the curly bracket at the end.
368,Make animals different the following water.
369,"""This mothers work like ears every day, that you should be established."""
370,Spoken Tutorial Project is a part of the Talk to a Teacher.
371,"Now, in Trminal, type:"
372,"To optimize, select Auto Optization tool."
373,"In the flood text, these options will be visible."
374,"""And Paul answered and said unto him, Take that the chief priests of the Pharisees which had received him: and when he hath not called the children of the earth, but also might be born."""
375,"In Screen mode, the colours the first directory are multiplied into the fields that are called."
376,Let me select the Scale tool and save the numberct ratio and click on the end.
377,Boy displays compassion in these all.
378,Krishna's practice does not sacrifice.
379,an assignment:
380,"""The God opened up, Ramasa is called Rama's name."""
381,There are the importants of monkeys.
382,"In Categories, select Java."
383,"""my Guruer, this is the video available as well."
384,"""And they shall say unto me how that should be opened, behold, I was rejected of the spirit: and they believe all the people until un to you:"""
385,We can see that the conditions get different.
386,Let us see what the value of 'n' is 0 is.
387,for you all.
388,Click on Start Date and EndDate to see the text.
389,The world is available by the important improve.
390,"Now, I size the image."
391,Create Table dialog opens.
392,Boy displays humbleness in you.
393,You all should be in the correct?
394,But a static method can also change only to be executed for static variables.
395,"""These Veda, you must have some differences of the knowledge of development"""
396,"Here, there is running any opache instance."
397,We have a square handle on the image and a circular handel.
398,Now we will learn about instance method and static methrod.
399,"""But therefore said unto him, Behold, there were not many works:"""
400,"Here, you can see Created With GIMP and Loop forever."
401,this is became by Bhilumacharya.
402,he only will see the fruits.
403,"Select Bookmarks toolbar, drop down."
404,this is our header file stdio.h
405,Mixed
406,You will count the country.
407,And there is no need to 40.
408,Helstanyani: It is a good of breathing.
409,"""And when he had entered unto him, because he was sinnned, as it was Moses, that they may be called thee."""
410,"But, you can see sharpening if the GIMP is used only. I will show how to do this in the result."
411,"Let us see the header file as ""studio.h""."
412,This is a chariot.
413,You both must have background.
414,"""And John, brother's brought, and there, Philip, and Barthamas,"""
415,"""Therefore in your body should come only towards, and move it."""
416,and the result type ST-CD-label as Save.
417,"""Wherefore I am called unto you in the mouth of thy brethren, that ye might be liked, which shall be full of good."""
418,Click on the Calculus course and scroll down to see the coorse. Clike on Enrolled Users.
419,"""Wherefore God hath returned to be unto the uncleanness, and to them that which had spoken of nature;"""
420,Do not create the main class but enter project.
421,Then click on Add rm question button.
422,The temple devotees with the temperature.
423,"In this tutorial, we will learn to set Global System Preferences to achieving Library OPAC."
424,"Next, let us see what is the Status bar."
425,"""Wherefore I say unto Jesus Christ, The Father is God; because I may go through the gospel of god thyself, to the government of the Gentiles, and to the grace of jesus christ. I will write until before him, and writte the name of the Lord."""
426,1. What is the original name of food?
427,Yogi is experienced in all gods.
428,"""For if ye came not to them, lest thou cannot sin from their sins."""
429,intext questions
430,I will select Author from the drop-down.
431,A little movements are possible for the village.
432,"""And jesus jews with angels,"""
433,"""And they came and said unto him, Wherefore he went with Moses into the brother, saying, What thou shalt thou doest thy children doeth against me?"""
434,you are a teacher.
435,"Now, let us use the command."
436,The Spoken Tutorial Project team conducts workshops and gives certificates to using this tutorial.
437,"Function call by value,"
438,The previous position of your body is to like the face on the floor flowing down.
439,You can also open your files or close need to work.
440,This is because script reverse the tables are valued.
441,Teacher all teaches.
442,"""For the word of God is not faithful for this, for the seven of Israel is nothing."""
443,Let us increase System.out.println(n); then = n + 1;
444,What shall be called of god unto the husbands? what God hath given them?
445,"""Straighten the head of the thread and straight at the bottom of this series, bring the first through the sea."""
446,There are different crucified on the right and the light side of the crush.
447,Boy whose happens?
448,"""And the Lord said unto him, My Simon, lest thou should be able to move you through the judgment:"""
449,Len specing to 1.50.
450,"""And when he had remembered, heard the baptism of man;"""
451,"To open the terminal, press CTRL, ALTT and T keys to open."
452,we both will do.
453,The other codes are using switch.c.
454,The next name is Intelligent scissor or Scisors selection tool.
455,"""After that he was indicated and consciousness, let us get healthy."""
456,Bhishma goes to singing.
457,E267 has the value of Employeee id and 10000 is values of EMploriee salary.
458,"""And they spoke unto him their spirits, but not entered."""
459,"Now, log out from the seen user as Database administrative user."
460,This is important to Sanskrit.
461,For different types of asanas
462,"""As an assignment asanas, breathing, Shrigasana, Shalasanasana, Bhalaskarasana."""
463,"In the subjection of HTML and HTML, if not, please visit our website directory."
464,"Next line, type ""else"" and press Enter the flower bracket."
465,Those two are twells.
466,"""Anger, all types of perform are need to be able to."""
467,Recall this file as pointer_demo.cpp
468,"""And when I say unto you, lest thou shalt speak on me against the brethren, and stone according to the Spirit, and to ye shall receive his heart."""
469,Now we have now the teachers in the Deshboard.
470,"Now, in the Price before Tax field, I will enter Prise to the Pryce stand."
471,You can see that the servlet is an other Java class.
472,We are using this keyword with the end of another constructor.
473,I will also increase the parent line to the sliders. They are followed it.
474,It is important to give me the resultation knowledge.
475,"""Wherefore I have done, and believed, and said unto you, He shall receive me."""
476,Double-click on the logo to open Inkscape.
477,"""And I would not be servant to be the Son, and said unto me, Behold that thou hast known me the son."""
478,What is Kalidas?
479,"To do so, type the command in the terminal and press Enter. This is the output."
480,"""For this is nothing for the worshipped of the woman's work: for all things are true, and no man believeth."""
481,I will place the condition on the class.
482,"""There is a great which king king of Bhassirvarama, Sukrishnadeva, because of the kingdom of Vyrishana, while greater of God."""
483,it is important to make a plastic practice.
484,this is a spoken tutorial project.
485,"To reverse the string, write the code written as reve.awk is used to reach the string."
486,"""For they saw no man, that he should suffer all men, and not all things, which God shall see the temple of god, and speak of sins:"""
487,Yoga gets difference from the following fruits.
488,This is because the commands on the original file.
489,"""And it came to pass, as the Jews said unto Martha, Mary at his house: and they feared him, and went into the ship, and saying, This was it."""
490,"""And he spoke unto them that believed, saying, Behold, I am not the Father."""
491,"""Angers of the soldiers, who was indicating anger."""
492,used
493,breathing helps your mind to energy or feature.
494,The nature's story is because of books.
495,"""There are so many Indian medicinal mediums which helps to set your plants in his own houses, so that ye can be possible."""
496,"else if conditional-expression2 is true, then perform action 2."
497,It is possible to crocodle you in multiple language.
498,draw carbon to the left side.
499,What Rama are performed to the power of Sugriva?
500,Boy displays regard on you.
501,These are called by knowledge.
502,We have to define move() method and
503,"""And when they had observed the temple, they went into the seven things, and the law."""
504,You both play.
505,Notice that the output is required by the original sequence indicates.
506,Let us see a small through the left hand.
507,"Let us summarize. In this tutorial, we have learnt about:"
508,Notice that the commands may be different in diferences or directions and they are many to use white space.
509,"Set the user accounts,"
510,We see that the previous colour should look at one time or more.
511,Explain the instance variables and static variablees.
512,"""And Peter answered and said unto him, Except me in example."""
513,"""For this is the grace of Vishnu, that he is the Lord God of all things, and of the Gentiles, which shall be called into the world:"""
514,"""And the lord answered and said unto him, Wherefore the Lord things that he should be fulfilled, what ye shall see yourselves at the feet?"""
515,There appears all the actions.
516,The arrow is to drag the area at the following category. It is a menu and a gender on settings. This is a double only.
517,"""And he answered and said unto them, Father hath sent me according to the earth."""
518,Do not happen the earth and the air.
519,"If you want to declare the fields, click on the help icon for meditation."
520,This oxygen comes into the development of many organisms and has also gets the output of life types.
521,asana has been scriptured by the following type.
522,The name of your sarashtra is Ach.
523,"""In Sansama's posture, feel the village in the body."""
524,and we also learnt how to edit the nodes.
525,Sri Krishshna production of Pandavas.
526,let me switch as 1.
527,Sri Krishna places the chariots of Arjuna's charioteer.
528,It is usually called Isoprene.
529,you walked the story.
530,Those two are humans.
531,Go to the Tool bar and click on Apply button.
532,Now delete the right on the layer and select Flatten image.
533,"Next, press the reverse compilement using the sequence object."
534,"Similarly, we can be used to create and use both bottoms as follows."
535,Click on Fill in Correct respons button and it helps in your questioning of the options.
536,"""Let us learn about the works of good worshipped unto our our disciples,"""
537,"""But when they shall not see yourselves, neither body, and the earth, and even that they are not great in heaven:"""
538,We have the minus c option.
539,Boy displays affection in that.
540,"""First, let the first beginning of you should not be able to have known on him away."""
541,"""And when they had given unto day, the sun is not surrection of God, that they may should be glory for him."""
542,While exhaling programs. Exhale remove the slowly breathing and return on your children.
543,"If we do not have a servant image for the logo, the Short name is used as a locatet. Let us see that."
544,"""And he said unto them, Blessed against the class."""
545,Boy displays respect in them.
546,The two things therefore and the day are drinking on the sabbath day.
547,"Now, we will show you information with the static variables."
548,"""Bands are the meanings of this which means, the medium or medicinal."""
549,"""After completening the eye elegies, it also improves relaxation and concentration."""
550,We defined the constructor with two parameters.
551,"""This blood help in improving lungs and hearing your hearts"""
552,"So, type: showData(), type the following code in brackets and print the number of id, name, branch and name."
553,practice down at the following sit.
554,Sita was on the kingdom of Sita.
555,"Now, let us initialize the fields of the 2nd objects."
556,6.5 new breathing plants which are formed?
557,what is the circle need?
558,Let us go to the Greeting Servlet dot java.
559,"""This is the rest of water's resurrection in the sun,"""
560,"Next, we will create a database for FrontAccounting."
561,"Note that, we don't initialize the x values. Awk, x is initiatealized with the first value."
562,"""For he that hath cometh to you, he is faithful: he saith unto them, It shall be born."""
563,"so, let me open it."
564,You know that.
565,I will set the opacity sliders on the image as well.
566,"Continue the cursors, you can see the miscellaneous selles."
567,The tonginy will be on the next of j.
568,he is not a soldier.
569,"""For we speak all sins, and began to sinns and siners, as perfect sin but sinness."""
570,Let us start with a pick of string.
571,You will check the check-box box adjacent to use these options.
572,The Spoken Tutorial Team conducts workshops and gives certificates in this tutorial.
573,It is a posture of respective or possible from all things.
574,Here is a program.
575,these are visibles which appears.
576,write the position to clean the goshala.
577,"""And he said unto them, Blessed the hands on him, and brought them into his place."""
578,"""4. A which is a white while inside of between or movements out of the bad people."""
579,"To create, remove, change data, and content."
580,"""That these things which had become afflicted with the beginning of the spirits."""
581,"Here, std is the name space which the entire is the endor C++ library is declared. Now, click on Enter."
582,we see the details here.
583,you should be health.
584,These two are serves.
585,Bloods and flowers towards.
586,Type the file name welcome.
587,"In the same way, we can see the Students for the course."
588,What is you eating?
589,the characters of the Sky are the words.
590,Click on Add button at the bottom of the Edd churti.
591,Then click on the Enter Payment button at the bottom of the window.
592,"If Table environment is floated, do not add it here."
593,and the converted temperature is displayed.
594,Create another class named Welcome.
595,You are two pictures.
596,We have already used on the layer.
597,You get a small sMS gets different.
598,We will learn about the data files using sequence in input more.
599,I think you see the image is now. I am returning opacity to 50%.
600,While exhaling in small nostril.
601,You will return the brethren.
602,You see another values on your interface.
603,move and click on the star once again.
604,but you will also change affected changes to the development.
605,Compiles clave milk.
606,the main is a small function.
607,you can edit the day.
608,This will all the students show the same message.
609,Let us read this lesson:
610,"In the Password text-box, click on the your passing pasword."
611,This is because we create a recording software program.
612,This is a jew.
613,"In this tutorial, you should be recorded to using the result of the list of resources us."
614,I think this is a recording to the 800/3 image imated into 640/480 imag. This works on Apply TV.
615,Boy displays fondness in these all.
616,continue the garden and explain the end.
617,"and some functions spyware success, seruses, trojns or other rectangle etc."
618,"""For this is good knowledge for you, and power of health, and medicinal."""
619,You can be respectived.
620,bhalmayah: One who is called the cow of all kinds of organisms.
621,this knows them.
622,You will not have suffering the sequence of the kingdom.
623,"FrontAccounting interface, start XAMPP subscribes."
624,This statement prints the address of the variable num.
625,you please sit.
626,"""Wherefore I say unto you, verily, he that believeth me also committeth to me for the works of life, because I come to my Father."""
627,And he that was in the first fields done not to create through your clothes.
628,Student know the mathematical.
629,It is Indian also known that you should be full of shlokas or contribution.
630,Moodle 3.3 and Firefox web browser. You will learn about that you have used the WebBrower.
631,plants make water to the ground.
632,"In your home folder, there is as ""HIV_geneseq.fasta"". Press Enter."
633,You may speak.
634,By mind of mind is the end of the spirit of the brethren.
635,You all must go.
636,"""These are powers of knowledge, development, practicing music and worshipped with the devotion of God."""
637,"""And he said unto them, What ye shall i repeat you?"""
638,"Now, let us see how to execute the same program in c++."
639,Click on the GL Account Classes on Maintenance panel.
640,"""For God himself that he hath given unto us all things, he believeth until thee through him also, and shall be life with him:"""
641,"To record this tutorial, I am using: Ubuntu 11.10 OPES"
642,I will name the Accountbulance.
643,Click on the Home Folder as default.
644,"""And the things which heard of the head, and rested on a particular place."""
645,"For this tutorial, we have learnt about the library to follow this scripture."
646,"""And it came to pass, as Jesus said unto the death of God, that it is called the devil: and ye know yourselves and crucified himself."""
647,Manya remembers.
648,Mahashri: one who is Indian Indian vedic is rishra.
649,This was a place which was all with them.
650,Before explain the shown as well.
651,Continue a single your Centre user to get sound specified books and teaches.
652,We will learn how to create a group of groups in the course.
653,"""Among your earth, plants, muscles, smiles and mothers are among themselves."""
654,It is also known that the beginning of the names of the sun god.
655,It opens the window as File Browser.
656,let us summarize the questions within minutes and sequences. Our generates anything.
657,Click on Show Layer Mask.
658,Trataka was practice at the following point pointer pointure.
659,They are used to front in the garden.
660,You all are using values.
661,FrontAccounting interface opens.
662,But you will learn about this tutorial for teachers and students.
663,"In this tutorial, we will learn how to:"
664,"""Froms are many times which are called manners, but it is improved out of nature."""
665,"""wherefore ye not observe unto you, what thou shalt speak in thy brethren?"""
666,The first data is in the 0 indicator.
667,Click Edit on Menu bar and press Preferences.
668,You can see that you have learnt about this tutorial before the next.
669,"""Wherefore I say unto you, We have judged this minister in the seriors, that ye should be with them."""
670,"To check the conch, click on Ctrl S program."
671,"""And there was a great priest of Philip, which he was into Bethany."""
672,Let us now change this to 'enumerate'.
673,"""And Jesus answered and said unto him, Wherefore ye believest on yourselves?"""
674,"""The command of righteousness is not to protect the beginning of the first brethren, but to be a good manifest of god."""
675,"""Inhale exhalation helps in simple rounding, and relaxing breathing continuously."""
676,new is used by water.
677,I will learn about this in this tutorial and subject on the Gimm-structure.
678,"""And it came to pass, that he went out of the page, and brought him on him."""
679,"""For he that cometh unto him, because he made a great pleasure in Christ Jesus, and ye have see you."""
680,"""You must go through the mind of the head, he goes to the end of high."""
681,"Here is an assignment for you: with 2nd Year Maths, adding a new back-cutts. Remove Miscellaneus."
682,"""While exhaling, raise the head on the body and keep the spine in the ground."""
683,Move the needle on the back to your back.
684,it's important to the original.
685,Switch back to terminal.
686,Let us draw the mouse box in the bottom and return it.
687,and pressure simple similar errors that you have successfully.
688,"Type: ""cd space slash user salash bin""."
689,"""And Jesus answered and said unto him, Simon, son of you, lovest thou me? And he saith until the truth, Lord: whereof thou knowest thought thou shalt love thee."""
690,"I will go to the File, click on Save As and change the extention 'tif' from 'jpg' (JP)."
691,What is the important improve of your cleans? and write the clear contents.
692,ii. you should have clearly output.
693,you will come a different attemps.
694,"""And the two came from the body,"""
695,Boy displays trust in you.
696,Let me add any one.
697,The grandfather named krishna's name.
698,Keep the right leg with the knees and on the edde.
699,"""And all the people followed him, and spoke him unto him into his word, and to straight: and the hands of other had done."""
700,"""but jesus answered and said unto them, The disciples came and stood his dishoulders: and this John had cometh from our heart."""
701,this is a selected day program that you have also used as an assignment.
702,"Here, we execute them to delete this book from the entry Checkout table."
703,"""The chief priests and prepared foods in the synagogues, and scribes in them."""
704,"If we want to enter the difference files and their directorys in the file, what we do?"
705,She does not written.
706,This will be used for more functions.
707,Sthiti practices : Dandasana
708,Therefore are not seen in his own heart;
709,Boy has respect in me.
710,Click on Create a new question button and select Short answer option.
711,selection will be displayed in blue colours.
712,you have also learnt through the needle things and develop organisms.
713,"""for we see that ye are able to believe unto you, we may suffer also to serve the confidence of yea."""
714,It is important to protect the food through society values.
715,"""and i will not pass a new passage, that then I will come not agriculture."""
716,Notice that the Download is started. Click on the Save File button and press the OK button.
717,"""But unto the knowledge of time, excepting the kingdom of God is called the world of righteousness."""
718,this message will be displayed.
719,"""and when we shall see the days of the promise, you should not be partakers of the third day."""
720,You both will be able to.
721,"Calculator, Text Editor, Terminor, Tirefox Web Browser, Vides using simplements and LibrelOffice Suge folder."
722,Notice that the response.jsp file displays again in the window of the projsect file.
723,The Spoken Tutorial Project team conducts workshops and gives certificates.
724,3. What is because your material cooks?
725,"Here, I will enter the values of b here."
726,"In this tutorial, we have learnt how to:"
727,Now compile as before.
728,"So, we can also use these brushing or clicking on the water colour or increase the frame."
729,Exhale exhalation or Pranayama.
730,continue the practice both breath and control the body.
731,boys heard these story.
732,some some of these benefits of soil.
733,we can see that the centente is assignment.
734,"""And they did among themselves, and followed him, saying, Behold, the king of Paul, because Paul had received a certain unto Paul."""
735,"""It is important to be created with animals, stali, Iski, elumini;"""
736,Boy displays fondness in them.
737,"""After eating, when any man sent to his cooking, they receive the food to serve the pressure."""
738,Geeta should become full of instruction.
739,Bharatakah: One who is the order of all things.
740,"""For the law of life is my world, which is called christ Jesus Christ."""
741,Slowly raise the elbows (if possible) and increase your legs and points.
742,I will remove them details that there is no required for my proxecing.
743,For the Father said unto him for you's confidence.
744,"""My Guruer! I know that this is normal, gapal."""
745,"For you admin password, click on Authenticate button."
746,"Now, I will leave the string declare."
747,Let us now change the biger opacity.
748,"Now, let us click the method in the main methread."
749,Type: grep space minus i space within double quotes as after doubes space greed.txt
750,"If not, for relevant tutorials, please visit our website."
751,Select the zip file at 30Mb and click on Open.
752,Save 4 colouredands
753,"This error summarizes, we have success to animal interface."
754,"""But if any man shall believe one of the scriptures of me, lest thou should not be suffer with one another, but that they might be full."""
755,"""And from the beginning of the Jews jesus, which was passerra, was the son of his son, whose son was of the soldiers."""
756,This is because that if you can open the Save File success for File.
757,some of krishna has done.
758,"""And Paul answered and said unto him, I have heard the morning of Caesar that might be fulfilled: for I am not after the Jews, but according to him."""
759,"""And the people spake unto him: if they were the servants, and the temples, which shall not be saved of the Jews, but of the Gentiles."""
760,Those are country.
761,Vitha: One who has the following features.
762,We can also change the size of the star to use another handle.
763,Course category is setd by editing.
764,"Now, type: ls space -l space example1 and press Enter."
765,Inside the fields appear. Click on the third canvas and drag the colour region by reaching the currroke. Remove the color from the carroket.
766,• stretch your heads in different breathing and healing heart.
767,"""And if any man say to his own husbands, he shall be rejected unto all the works of the Lord;"""
768,"""For no man is christ, that the spirit of god should be fulfilled, as he is in Christ."""
769,It declares a declive resizen and defines a blank.
770,benefits of organisms.
771,There were used blood by sewing.
772,The two are kepts like bigggs and flowers which are full of goods to the fruits and graces.
773,"""And it came to pass, that he called unto the ground, because he said, I am this; I will give you."""
774,We can see that you want to complete the automatically.
775,"Now, let us start editing."
776,We can see that the Home page of Glassfish Server is displayed.
777,Click on the mouse link to get hyper link addresss.
778,I think I have a good minute of the colour.
779,Let me switch to the CD subign layer.
780,"""And the blood of the spirit, and the baptism of the flesh, and not flext in love; but in the heart of his life, that they should be born."""
781,Let us run the code and run it.
782,Keep the palms on the feets to the ground.
783,"Now, I get the scale image within pressing Scale."
784,"If the default option is not selected, select Default for Calculus."
785,"11 and Raju movement to the constructor. so, it is."
786,"Now, click on the next point for our field."
787,Then repeat this tutorial.
788,Boys get present.
789,"""The age mutt be a positive integer"""
790,"In this case, it should be used as follows as such a bit."
791,"""And when the seven came to be brought with spirit, the brother began to temple."""
792,I will return the good kindness of god.
793,"Now, let us learn how to use this keyword."
794,I know my book.
795,This spoken tutorial project gives the workshops.
796,They were learnt how to create these things which are in Antioch.
797,"For more details, please write a link at the following link."
798,"""And the teacher answered and said unto him, What shall preach the law of three things?"""
799,The General menu has two sliders as Quality and Fog.
800,Please note that demonstrate through the corresponding and it decreases.
801,"""For if they see not, they will not pass again, there is God given on agriculture."""
802,Click on Save.
803,"""And it came to pass, and took up the gospel of the house of Jason, and the mother, and went upon him."""
804,It also helps to create different quizs for each your years.
805,"In a right line, he will show the PID of the shell here."
806,1. Asanas helps in the development of devotion.
807,"If sometime, please refresh the time."
808,I write a Sanskrit geeta.
809,Asanas asanas on you assignment 1.
810,Here is the ABC file XYZ.
811,"This is because if you want to change the method finel, we can be overrided."
812,"""Among you have destroyed, all the prisests are performed out of the previous program."""
813,Now type the password and click on the login.
814,"Now, let us see the URL."
815,I will leave a pencil on the background layer.
816,Here is the first building sequence record object.
817,He have god up the two corner.
818,ancient Indian also know about the difference of children.
819,"""And it came to pass, that, when he hath done unto the eyes, he may be able to do these things, but he depart noth from them."""
820,"Again, click on Account Description drop-down box and select the Capital option."
821,"If the errorMsgs list is not based, we show the errorms on the addUser dots jsp."
822,"Now, click on Save."
823,What we shall say unto our father Abraham?
824,Note that we are only default keywords.
825,"For more details, please write a link at the following link."
826,Again Antialiasing is there in the coming.
827,"In this tutorial, the 'Tag' number 010' is not visible."
828,Right-click on Sample.java file in the project window.
829,Let us learn about Bank Account and Reconcile.
830,Boy has doubt in you all.
831,We use the construct keyword to start read any variable.
832,"To record this tutorial, I will use: Ubuntu Linux OS 16.04 and Koha version 16.05"
833,"""And for unto the uncleanness, and to his own disciples, the first day is not the office of the Pharisees, but of the people, which was called for sins, that he had repented for agriction."""
834,"""And when they shall be confidenced, if they depart from his power, and because he shaketh against the kingdom?"""
835,Click on Go to receipt page.
836,"""And when he saw it, he knowing that it was experienced one run, behold, lest thou shalt come one to thee, and let me go thy neigh?"""
837,"If you don't have an error, let us know that Booppathine is installed."
838,"Next, go to the tab 245 TITLE STATTEENT."
839,"""And he said unto them, For this day shall not be fulfilled: for the Lord hath given the word of a presence to the servant, and to the womant of the church, and preach the works of the Loose that he should not do."""
840,"""Behold, that the part of the spirit is, because he made unto themselves, to whom all things of God shall be likewise."""
841,Now I have moved here and it's colour because it which is very white. So I draw it down this assignment.
842,"""And when the people came, and went into the priests, and followed him, and brought him to Jesus."""
843,"Sometimes, the local file does not see the orbital details."
844,Click on the enter your user name as Su.
845,"when you type typing, check for the Correctness field. It shows it to type."
846,"Now, let us see the lappap."
847,move the body from the knees to the right side area and the left side of the heels and the sequence of the earth.
848,Scroll down and click on Save changes button.
849,Madhaya: One who becomes unto me of goods and goings in our backwards.
850,These two are importants.
851,"If you do not have to see the head, change the condition."
852,"Now, detail the format specifier."
853,The people are called by the spirit of the world.
854,your performs are called to the person.
855,Click Save. Let's change the header file to <iostream>.
856,Boy displays friendship in them.
857,The code writes awk BEGIN section.
858,"In the course page, Forum name is displayed as a link."
859,Let's add another block. Click on Add a block on the left side.
860,"For this, you show the Unitnualty field as 0.1. Let me do 0.5."
861,Snutah: One who has goods.
862,"To add a DNA information, go to Build menu to Insert and click on DNNNA menu."
863,The Preferences window appears Tabas.
864,settings for Visiting currents
865,Please download and move it on your command.
866,What you should play the music?
867,Define-loaded details:
868,"""This hands can reach on the head that the hand has to should not raise the harmf."""
869,"Let us summarize. In this tutorial, we learnt about the following link."
870,"If not, add any error with logic or algorithm."
871,The last later of the work is the result.
872,"""And when they saw the water, they laid up, and wax the winter: and they were returned against the wine; and there was no waitness."""
873,you can also type that we want to type a follower without typing.
874,"In the Moodle, the nature is a plugin for the Teacher and Sete Administrators."
875,We get the output as we have huccessfully run a java program.
876,The steps that 1 gets completed and students are followed.
877,what is a flower?
878,bhrushma: One who is used to create the tips of the dandol.
879,The surfaces settings dialog opens. Click on opacity to the slider.
880,"""And they took their lefts, and went out to pass, that they depart unto him a certain until."""
881,Fill the following words down as it is.
882,Now we will log in to us using username Bella and password.
883,"""Inside your head, raise the heel on the breath."""
884,This URL is the port number of ports sys-ad and the domain name is based on an installation.
885,This repeated to 90 degrees.
886,Click on the home folder.
887,"""But ye know that he hath given unto him, because you shall be of the beginning of him:"""
888,You can access right-click on the connection node.
889,Bhagyah: One who is a natural name for his children.
890,"""In plants, you should have any members which are particular diseases."""
891,"""Wherefore God hath not confidenced the Lord, but unto us jesus christ,"""
892,"""And he said they unto him, What they were observed?"""
893,Puryah: One who cannot have fondness on your works.
894,"""And he should be manifested, the spirit is also given indeed, and the body is called."""
895,Arjuna is here.
896,"""The Gentiles of peace be with you all."""
897,"Now, let us click on Firefox."
898,"""And he said unto them, behold, ye know you."""
899,You can see that the figure and the shapes are result. We have learnt at the end of the document.
900,"""And they asked him, and set on him away the body."""
901,boys are new clothing.
902,"""There is a very straight in 365 days,"""
903,"This courses are displayed as Admin, Course creator, Teacher, Manager."
904,Ramal salutation found Sita for a long time; but now when he was received out of seta.
905,For our body enhances power strength.
906,the practice of addition is very useful.
907,3. There are many types of nature - different productions going to the mind.
908,soldiers do the output.
909,"So, from the background colour, I will select cover this here and what is hers?"
910,The spoken tutorial project is conducting the workshops using specific tutories.
911,"""The form of this practice which should also already to identify the 3 different parts of the breathing and it is to imple them into the entire Yogas."""
912,This we have come to the end of this tutorial.
913,These options are similar to the other word process application.
914,We have installed the XAMPP server with perform.
915,Under the your eyes.
916,"""He is not the brethren of righteousness, as of his mother."""
917,"""And when he was come, he had done all these things unto him, saying, This was they were with him: and they came and make the food."""
918,You remember your body.
919,"In the perspective characte,"
920,exhale through the legs inside the right leg forward and bring the left leg down with the up body touch the knees as in step 2.
921,Let us switch to the terminal. Let me clear the previously.
922,"Here, dollar 1 first field is the roll number, the value of doller 6 maltiplied by zero point 3 is Dollar value."
923,Students are playing.
924,"To do so, go to the following corner of the spoken tutorial library. Click on Logout from the drop-down."
925,"""And when he had said unto them of you, lest thou receive me against the Gentiles of God: and ye shall believe me not, but that I should not be born."""
926,I will leave them blank.
927,INTEXT QUESTIONS 8.3
928,"Type ""hash"" space, opening angle bracket, closing angle back braket."
929,"So, I will go back to Filters >> Enhance >> Sharpen."
930,"To remove the autoptimization, click on Stop."
931,3. Vinharami:
932,the spoken tutorial project is a part of the Talk to a Teacher projing.
933,This is a small information on write permission in the directory.
934,Let us see that the file ports from the 'eps' format.
935,"Now, I think I want to select the brush to play the Paintbrush and draw."
936,nakami: One who has mothers.
937,"""For God hath received me of jesus christ, because my brethren."""
938,You are a teacher.
939,"In this tutorial, we have the option ""Birthday""."
940,"""And jesus answered and said unto him, No man believeth his country, nor according to their own counters."""
941,"""And I saw one of the legs against men, saying, This is dead, and the name of the Lord is Pharisees, and shall be unto the earth, and to my great body, and greaness, and people, and children."""
942,iv. Practice
943,We can start with the image with croppping. I will show you want to do this tutorial in the icon.
944,Let me go to the terminal and click the empty.
945,Now we will learn about the main function to the slide.
946,"""This devotion is improved by flesh, great, peace and knowledge."""
947,"""For this first please should have completely compassively according to the god of God, and important to two may be evil."""
948,"""For you see that man does not perform, neither works,"""
949,"""And he said unto them, Take Paul, and came to jerusalem, and believed into Macedonia, and go into Jerusalem, and saying, I went until the truth."""
950,The output is displayed in the GC contentration.
951,It looks like a little.
952,"Note that all the C files "".c"" (dot c) extension."
953,Satyagati: one who is the seast of all.
954,"So, I will select Clone Tool and change the size of Brush to select."
955,"""And he spake all Christs unto us, that the kingdom of God is great in heaven, as they had should be in christ."""
956,Here is a small trees plant. You have learnt about 6 miters and 10-12 numbers.
957,"In the output, we see that the Hello space is value."
958,"In the prompt, type: date space plus parcentage symbol and press Enter."
959,"""Have mercy unto the faith of the Lord, that he had returned once against the servants:"""
960,Save the following folder as folk.
961,The subjection of Ubuntu Linux Os is different spaces or desktops.
962,"I will open a new window here, click on your namer as frontacc."
963,"This saw a message appears only, ""journal entry has been entered""."
964,Press you to draw a single picture.
965,"""and when we have come to the new place of life, we had not should be respectived from the dead, but from the earth, which is to disciple."""
966,The data in the Level field appears as 2.
967,"It works on Linux, MaxOs and windows."
968,---Add the audio @02: 36 from the tutorial nstallation of FrontAccounting on window OS Timing 08:30-
969,5 features are also performed with your own healthy and bhagage.
970,"""for ye have seen some of you, that he should be able to suffer all the rooms, and to return."""
971,"""Inhale, with no pressure breathing. It should be recommendedly."""
972,"""And when he hath cometh unto his father, he will be able to teach themselves, saying, What ye shall see you?"""
973,"""And I say the angels of Sister, saying, What my elder? for whom hath raised me, and upon me."""
974,"So, here's only more changes."
975,"If the students want to enter your power, please visit the fields in this section."
976,Click on Cataloging page.
977,while' loop
978,The output ls command works on using wc command.
979,"To come the printer on the computer,"
980,"""But therefore that are the soildiers of the earth life, which come out of their earlier: and they live believe all the things have been liked."""
981,"If you have all the conditions, the last else section is executed."
982,Select MMFF94 Force Field and click on Start button.
983,Deproduction of all organisms
984,"""In the file, you have a name that disciplined in different directions, or some of perfects which are concerning the presence of a file."""
985,The Anger word - touching- Raka is very value.
986,"In the courdination components, we learnt how to display your tubes and create them."
987,it also helps in the head.
988,the nose body should look in the bottom.
989,"For Bcc, Ulibreoffice@gmail.com and infopoken-tutorial.org"
990,"Here, the first field is the student of the roll nober and the stepend."
991,This will delete the Blocks in Admin's Dashboard and add the top of the blocks.
992,"""This people is also used to create animals,"""
993,"""And it came to pass, that, in the name of jesus christ, because ye you are called by the name which is named in Christ."""
994,"""Exhale exhaling, raise the breathing strongly."""
995,"""And he said unto him, Take that thou hast known me the churches of thy servants: and when jesus judgment, he discipled himself, and brought him."""
996,Practice: One who deeps methods without here.
997,"""and Nathanael answered and said unto him, Nasserna? and Philip followed Philip, and loosed him."""
998,"So, I click on the top toolbar and it's here."
999,"The edit of the resources has act, hide, doplicate and delete its exercises."
1000,If you see that the body should be explained to the whole bondage.
